News Report,Headline,Date
News Report,Analyst Explains Why Solana (SOL) Is the Best Bet for This Bull Run,"Feb 15, 2024"
News Report,Is Ethereum ETF BlackRock’s Next Win? SEC Chair Gary Gensler Remains Skeptical,"Feb 15, 2024"
News Report,3 Theories Explain the Bitcoin Supply Shock Everyone Is Talking About,"Feb 15, 2024"
News Report,Coinbase (COIN) Stock Rises 10% as Investors Turn Bullish on Earning Power,"Feb 15, 2024"
News Report,"No, Crypto Isn’t a Popular Tool for Hamas and Jihadists: US Treasury","Feb 15, 2024"
Analysis,Analyzing BONK’s Rise: Is the Price Increase Here to Stay?,"Feb 15, 2024"
Analysis,"Ethereum (ETH) Price Prediction: $4,000 Possible in February?","Feb 15, 2024"
News Report,This Crypto Company is Now Under The SEC’s Criminal Investigation,"Feb 15, 2024"
News Report,How Bitcoin’s (BTC) Price Rally Affects Crypto Investors in Key Regional Economies,"Feb 15, 2024"
News Report,This is Why Binance Invested in These 3 Crypto Platforms,"Feb 15, 2024"
News Report,Exposing Fraud: Notorious Crypto Scams on Apple’s App Store,"Feb 15, 2024"
News Report,How These Companies Will Use AI to Prevent Cyberattacks,"Feb 15, 2024"
Analysis,Shiba Inu (SHIB) Price Climbs: Is Bullish Momentum Building?,"Feb 15, 2024"
News Report,Gold ETF Outflows Top $2 Billion: Is the Bitcoin (BTC) Comparison Overrated?,"Feb 15, 2024"
News Report,Chainlink and Telefónica: Pioneering Blockchain Solutions to Tackle SIM Swap Fraud,"Feb 15, 2024"
Analysis,TRON (TRX) Price Breaks $0.13 Barrier: Hits 1000-Day High,"Feb 15, 2024"
